num_particles,length
2,0.0009320499869210618
3,0.0010019426240749252
4,0.0009510013407160884
5,0.0008908380314689714
6,0.001052665799364545
7,0.0009401659630824729